{
  "total": 100,
  "synthesized": 100,
  "verified": 75,
  "failed": 25,
  "mean_bpm": 113.08866279069765,
  "std_bpm": 15.665915495062313,
  "train_count": 60,
  "test_count": 15,
  "failed_files": [
    "0cdc1aa9-ae7e-4bf0-9f74-9b5b31f3f84b (detected: 80.7 BPM)",
    "126806ab-1258-436a-860e-7e53e04fac31 (detected: 80.7 BPM)",
    "1458c887-280e-4e11-9e34-9ecfb7e6970e (detected: 184.6 BPM)",
    "182fa8dd-1dd5-4d77-b22e-98d734236dc8 (detected: 172.3 BPM)",
    "2592ce2c-13b4-4fbf-8427-5076ac2adee6 (detected: 89.1 BPM)",
    "2dd27791-618c-4035-8486-32f25476dc40 (detected: 80.7 BPM)",
    "33d5a8c4-fd03-45d8-82b0-2a9d53e06752 (detected: 95.7 BPM)",
    "34adf640-04d3-4d6e-b61f-7c5e53e1ad59 (detected: 80.7 BPM)",
    "44690756-b437-4f5c-9860-bcce8f3e0a03 (detected: 95.7 BPM)",
    "46559eb2-3a8c-41da-b326-18029939a36e (detected: 80.7 BPM)",
    "47eaaccd-916d-4bad-aa71-173aea304a6f (detected: 143.6 BPM)",
    "5939b3c7-4334-4c6a-9805-6341e7a24ce5 (detected: 80.7 BPM)",
    "61e8409b-b1e0-4ca2-a62c-2685bb4eb870 (detected: 95.7 BPM)",
    "673cbf71-268a-437d-901e-9cabd9fc5720 (detected: 80.7 BPM)",
    "7548410f-093d-444b-b404-af500f4d7eb1 (detected: 80.7 BPM)",
    "81dd9966-bbaa-4d10-8faf-0c17fbb9ae0d (detected: 234.9 BPM)",
    "8a66d39c-2694-40d2-ae55-f16b57814098 (detected: 95.7 BPM)",
    "96a93bb4-f274-4bef-9db2-aa3cdeaad1a1 (detected: 143.6 BPM)",
    "9d463788-02d6-4611-af0e-61b5f873b7fb (detected: 161.5 BPM)",
    "a8ff41a1-f10b-4b0d-9994-fd435f525ad1 (detected: 80.7 BPM)",
    "b49848de-7cca-4eeb-8aa6-012b8343513c (detected: 71.8 BPM)",
    "b56d94bd-f3bf-41f5-a0d7-0352a061ae1d (detected: 80.7 BPM)",
    "cbe65e60-f823-417f-902c-fc2b19cea460 (detected: 161.5 BPM)",
    "d8d26ba0-c4ca-45e8-8b78-8a3cc47fd787 (detected: 80.7 BPM)",
    "e245c2ba-97fb-4da0-abbb-8b8d3a1c4f12 (detected: 80.7 BPM)"
  ]
}